ID,weekNumber,activities,hours,sales,employee_ID,start_date,keywords
1,1,Attended a high-level strategy meeting with the regional sales team. The team discussed upcoming product launches and potential market penetration strategies for the next quarter. Wei Zhang provided key insights on how to engage with key accounts and stressed the importance of targeting high-revenue clients. Key issues surrounding customer retention and competitor analysis were also part of the discussion.,42,6484,1,2024/7/3,"meeting, sales strategy, customer retention, competitor analysis, product launch"
2,2,"Organized and led a conference with several international clients to review their yearly contracts and propose potential upselling opportunities. During the conference, Wei Zhang detailed the company's new offerings, such as product upgrades and additional support services, and negotiated new terms for future engagements. Discussions also covered potential collaboration for expanding market share in the APAC region.",43,1115,1,2024/7/10,"conference, international clients, contract review, upselling, APAC market"
3,3,Participated in a cross-departmental workshop aimed at aligning sales goals with the product development team's roadmap. Wei Zhang emphasized the importance of addressing customer pain points in upcoming product features. The workshop also included a brainstorming session to identify new markets and prospective customer segments.,36,8457,1,2024/7/17,"workshop, cross-department, product roadmap, customer pain points, market brainstorming"
4,4,"Led a strategy session with key members of the sales and marketing teams. The session focused on building a cohesive go-to-market strategy for the company's latest offering. Wei Zhang played a pivotal role in outlining the sales approach and refining the marketing pitch, ensuring that the messaging resonates with the target audience.",39,9593,1,2024/7/24,"strategy session, sales, marketing, go-to-market, sales approach, target audience"
5,5,"Met with top-level executives from the finance department to assess the performance metrics of the sales team and its impact on the company's quarterly revenue. Wei Zhang provided a detailed report on the sales pipeline, conversion rates, and customer acquisition costs, and suggested strategies for optimizing the team's performance.",45,6000,1,2024/7/31,"executive meeting, sales performance, revenue assessment, sales pipeline, customer acquisition"
6,6,"Hosted a client feedback session with key enterprise clients to discuss their satisfaction with the company's services. The discussion centered around customer service response times, technical support, and potential areas for improvement. Wei Zhang documented the feedback and proposed several initiatives to address the clients' concerns.",42,6053,1,2024/8/7,"client feedback, enterprise clients, customer service, technical support, improvement initiatives"
7,7,"Coordinated an internal team-building retreat for the sales department. The goal was to foster teamwork and improve communication between the remote and in-office teams. Activities included various team challenges designed to improve collaboration, problem-solving, and leadership skills. Wei Zhang facilitated the discussions and highlighted the importance of cross-functional teamwork.",42,8007,1,2024/8/14,"team-building, retreat, teamwork, communication, leadership, collaboration"
8,8,"Presented at an industry conference on the future of sales in the digital age. Wei Zhang's presentation focused on the evolution of customer expectations, the rise of automation in sales processes, and how data-driven decision-making is transforming sales strategies. The session concluded with a panel discussion on the role of artificial intelligence in sales.",43,6423,1,2024/8/21,"industry conference, digital sales, automation, data-driven, AI in sales"
9,9,"Held a virtual conference with the company's top 10 clients to review their yearly performance and discuss next steps. The conference focused on partnership renewal, identifying new areas of collaboration, and leveraging the latest market trends to mutual benefit. Wei Zhang ensured that all client concerns were addressed and that action items were documented for follow-up.",41,8336,1,2024/8/28,"virtual conference, client performance, partnership renewal, market trends, follow-up"
10,10,"Participated in a high-stakes negotiation with a prospective client from the automotive industry. Wei Zhang negotiated a multi-million-dollar contract, showcasing the value of the company's product offerings and addressing the client's unique needs. The discussion included a thorough analysis of pricing models, service packages, and long-term collaboration plans.",40,7010,1,2024/9/4,"negotiation, prospective client, automotive industry, multi-million-dollar contract, pricing models"
11,1,"Led a product brainstorming session with the development team to outline the features of the upcoming product release. Tao Huang facilitated discussions around customer pain points, prioritizing features that would address key concerns in the market. The team also analyzed competitor products and identified gaps that could be leveraged in the new release.",44,102,2,2024/7/3,"brainstorming, product development, customer pain points, competitor analysis, feature prioritization"
12,2,Held a technical review meeting to assess the progress of the ongoing product sprint. Tao Huang evaluated the performance of new modules being developed and discussed potential bottlenecks with the engineering team. The review also included an analysis of code efficiency and suggestions for refactoring critical sections of the system to improve scalability.,45,201,2,2024/7/10,"technical review, product sprint, module performance, code efficiency, refactoring, scalability"
13,3,Conducted a workshop focused on integrating user feedback into the product roadmap. Tao Huang presented findings from recent customer surveys and gathered input from the design and QA teams to ensure that the product meets user expectations. The workshop emphasized the importance of iterative development and continuous user testing.,44,564,2,2024/7/17,"workshop, user feedback, product roadmap, customer surveys, iterative development, user testing"
14,4,Participated in a cross-functional meeting with the sales and marketing teams to align product launch goals. Tao Huang highlighted key product features that would appeal to the target market and discussed strategies for communicating technical specifications in a simplified manner to potential customers. This collaboration aimed at ensuring a smooth product rollout.,35,34,2,2024/7/24,"cross-functional meeting, product launch, target market, technical specifications, product rollout"
15,5,"Facilitated a design sprint session to prototype new features for the mobile application. Tao Huang worked closely with UI/UX designers to conceptualize and refine the interface for the next release. The session included rapid prototyping, A/B testing of design ideas, and gathering immediate feedback from the internal team to improve the product's usability.",38,3432,2,2024/7/31,"design sprint, prototype, UI/UX design, A/B testing, usability, mobile application"
16,6,"Led a retrospective meeting with the engineering and product teams to review the last release cycle. Tao Huang focused on identifying challenges faced during the development process, such as delays in integrating third-party APIs. The team discussed potential improvements, including better resource management and more frequent checkpoints for QA testing.",36,34,2,2024/8/7,"retrospective, release cycle, development challenges, third-party API, resource management, QA testing"
17,7,Organized a customer demo for the beta version of the new software platform. Tao Huang guided the client through the various features of the product and solicited feedback on its usability and performance. The session concluded with a Q&A where Tao addressed technical concerns and outlined the roadmap for future updates based on client needs.,40,34,2,2024/8/14,"customer demo, beta version, software platform, usability, client feedback, roadmap"
18,8,"Attended a product strategy summit with senior management to finalize the next quarter's development goals. Tao Huang presented a detailed analysis of current market trends, showing how the product could be positioned as an industry leader. The summit included discussions on resource allocation and potential partnerships with third-party providers to expand the platform's ecosystem.",37,3,2,2024/8/21,"product strategy summit, market trends, industry leader, resource allocation, partnerships, ecosystem"
19,9,Conducted a technical deep-dive meeting with the engineering team to troubleshoot critical issues reported by early adopters of the product. Tao Huang spearheaded the investigation into performance slowdowns and proposed solutions to optimize the software's database queries and reduce system load during peak usage times.,36,2,2,2024/8/28,"technical deep-dive, troubleshooting, performance slowdowns, database optimization, system load"
20,10,"Led an innovation workshop with the R&D team to explore emerging technologies that could be integrated into the next-generation product. Tao Huang facilitated brainstorming around AI-driven features, data analytics tools, and enhanced automation capabilities. The workshop concluded with a roadmap for prototyping several of these concepts in the coming months.",39,2,2,2024/9/4,"innovation workshop, R&D, AI-driven features, data analytics, automation, next-generation product"
21,1,"Reviewed the company's financial statements for the quarter and prepared a comprehensive report summarizing revenue, expenses, and net profit. Na Li conducted a thorough analysis of the accounts receivable and payable, identifying trends in cash flow and potential areas for cost savings. The report was submitted to senior management for review.",35,22,3,2024/7/3,"financial review, accounts receivable, accounts payable, cash flow, cost savings"
22,2,"Led a budget planning session with department heads to establish the financial goals for the upcoming fiscal year. Na Li facilitated discussions around resource allocation, cost management, and revenue forecasts. She provided insights into historical spending patterns and proposed strategies to optimize budgeting for each department.",42,33,3,2024/7/10,"budget planning, resource allocation, cost management, revenue forecast, financial strategy"
23,3,Conducted an internal audit of the company's expense reports and identified discrepancies that required further investigation. Na Li worked closely with the finance team to correct these issues and implemented tighter controls on expense approvals. She also updated the company's expense policies to prevent future errors.,42,3345,3,2024/7/17,"internal audit, expense reports, discrepancies, finance team, expense policy, control measures"
24,4,"Participated in a financial strategy meeting with the CFO to discuss long-term investment opportunities for the company. Na Li presented an analysis of the company's financial health and explored potential investment avenues, including real estate and high-yield bonds. She also provided risk assessments for each investment option.",40,45,3,2024/7/24,"financial strategy, investment opportunities, financial health, risk assessment, CFO meeting"
25,5,Oversaw the implementation of new accounting software designed to streamline the company's bookkeeping processes. Na Li worked closely with the IT team to ensure a smooth transition from the old system to the new one. She provided training to the finance staff and ensured that all financial data was properly migrated and secured.,43,36,3,2024/7/31,"accounting software, bookkeeping, system migration, IT collaboration, finance staff training"
26,6,Prepared and submitted the company's tax filings for the previous fiscal year. Na Li ensured compliance with all relevant tax regulations and worked with external auditors to verify the accuracy of the tax documents. She also identified several deductions that reduced the company's overall tax liability.,43,843,3,2024/8/7,"tax filings, compliance, external auditors, tax regulations, tax liability, deductions"
27,7,"Led a financial analysis workshop for junior members of the finance team. Na Li provided training on interpreting financial statements, performing ratio analysis, and using financial modeling tools. The workshop included hands-on exercises to enhance the team's analytical skills.",35,689,3,2024/8/14,"financial analysis, ratio analysis, financial modeling, finance team training, workshop"
28,8,"Conducted a risk assessment for the company's portfolio of investments. Na Li evaluated each investment's performance and potential risks, presenting her findings in a detailed report to senior management. She also provided recommendations on rebalancing the portfolio to reduce exposure to high-risk assets.",44,43,3,2024/8/21,"risk assessment, investment portfolio, performance evaluation, high-risk assets, portfolio rebalancing"
29,9,"Prepared the quarterly financial forecast, projecting revenue, expenses, and net profit for the upcoming quarter. Na Li collaborated with department heads to gather necessary data and ensured that all assumptions used in the forecast were realistic and aligned with the company's goals.",44,557,3,2024/8/28,"financial forecast, revenue projection, expense projection, net profit, department collaboration"
30,10,"Held a financial performance review meeting with senior management, where Na Li presented the actual financial results against the forecasted numbers. She analyzed the variances and provided explanations for any deviations from the forecast. Recommendations were made to improve future forecasting accuracy.",35,45,3,2024/9/4,"financial performance, forecast variance, financial analysis, performance review, senior management"
31,1,"Led a data analysis project to assess the company's customer behavior patterns using large datasets. Tom Cruise developed predictive models using machine learning algorithms to forecast customer retention and engagement levels. The results were presented in a detailed report, outlining key factors that influence customer loyalty.",41,93,4,2024/7/3,"data analysis, machine learning, customer behavior, predictive modeling, customer retention, customer loyalty"
32,2,"Conducted a workshop on data visualization tools for non-technical teams. Tom Cruise demonstrated how to interpret complex data sets through dashboards and charts, making data more accessible for the sales and marketing departments. He provided hands-on training for creating meaningful visualizations using industry-standard tools.",44,8,4,2024/7/10,"workshop, data visualization, non-technical teams, dashboards, data interpretation, sales, marketing"
33,3,Collaborated with the IT department to optimize the company's data infrastructure. Tom Cruise identified performance bottlenecks in the data pipelines and implemented solutions to increase data processing efficiency. This involved redesigning the data architecture and integrating cloud-based solutions for scalability.,35,234,4,2024/7/17,"data infrastructure, optimization, performance bottlenecks, data pipelines, cloud-based solutions, scalability"
34,4,Presented the results of a market segmentation analysis to senior management. Tom Cruise used clustering algorithms to group customers into segments based on their purchasing behavior and demographic information. His analysis provided actionable insights that the marketing team used to tailor their campaigns more effectively.,41,34,4,2024/7/24,"market segmentation, clustering algorithms, customer behavior, demographic analysis, marketing campaigns"
35,5,"Conducted a review of the company's data security policies, focusing on the protection of customer data. Tom Cruise identified potential vulnerabilities in the current system and proposed solutions to enhance encryption methods and implement stronger access controls. His recommendations were adopted by the IT security team.",45,34,4,2024/7/31,"data security, customer data protection, encryption, access controls, IT security, vulnerability assessment"
36,6,"Led a cross-functional team in developing a real-time data analytics dashboard. Tom Cruise worked with both technical and business teams to ensure the dashboard met the needs of different departments, providing insights into key performance metrics in real time. The project involved integrating various data sources and automating report generation.",45,45,4,2024/8/7,"real-time data analytics, dashboard, cross-functional team, key performance metrics, report automation, data integration"
37,7,Participated in a data ethics panel discussion to address the ethical implications of data collection and usage within the company. Tom Cruise emphasized the importance of maintaining transparency with customers regarding their data and discussed the potential risks associated with the misuse of personal information.,41,46,4,2024/8/14,"data ethics, data collection, customer transparency, personal information, data misuse, ethical implications"
38,8,"Hosted a seminar on artificial intelligence and its applications in data analysis. Tom Cruise explained how AI-powered tools can enhance data-driven decision-making, particularly in predictive analytics. He showcased several AI use cases within the company, from customer insights to operational optimization.",38,78,4,2024/8/21,"artificial intelligence, data analysis, predictive analytics, AI-powered tools, data-driven decision-making, operational optimization"
39,9,Completed a project to implement a recommendation system for the company's e-commerce platform. Tom Cruise developed an algorithm that analyzed customer purchase history and browsing behavior to provide personalized product suggestions. The system showed a significant increase in cross-selling and upselling opportunities.,43,63,4,2024/8/28,"recommendation system, e-commerce, customer purchase history, browsing behavior, personalized suggestions, cross-selling, upselling"
40,10,"Led a training session for data analysts on advanced machine learning techniques, focusing on deep learning and neural networks. Tom Cruise provided hands-on guidance for building neural network models and discussed practical applications for improving the company's forecasting capabilities and customer insights.",43,28,4,2024/9/4,"training session, machine learning, deep learning, neural networks, forecasting, customer insights"
41,1,"Led a project to develop the front-end architecture for a new web application. Chris Evans collaborated with designers and back-end engineers to ensure seamless integration between the UI and underlying data structures. His primary focus was on improving user experience by designing responsive, intuitive interfaces that adhered to modern web standards.",36,25,5,2024/7/3,"front-end development, web application, UI design, back-end integration, user experience, responsive design"
42,2,"Conducted a code review session for junior front-end developers, focusing on best practices in React and JavaScript. Chris Evans provided feedback on code modularity, reusability, and performance optimization, emphasizing the importance of clean, maintainable code in large-scale applications.",36,24,5,2024/7/10,"code review, React, JavaScript, modularity, performance optimization, code maintainability"
43,3,"Presented a workshop on modern CSS frameworks, introducing the team to Tailwind CSS. Chris Evans explained how utility-first frameworks could speed up development and reduce code bloat while maintaining flexibility. He demonstrated real-world use cases, allowing developers to practice implementing common UI patterns using Tailwind.",40,96,5,2024/7/17,"workshop, CSS frameworks, Tailwind CSS, UI patterns, utility-first design, code bloat reduction"
44,4,"Worked on implementing accessibility standards across multiple web applications. Chris Evans audited existing projects for compliance with WCAG 2.1 guidelines, ensuring that the applications were accessible to users with disabilities. He made adjustments to color contrast, keyboard navigation, and screen reader compatibility.",39,36,5,2024/7/24,"accessibility, WCAG 2.1, web standards, color contrast, keyboard navigation, screen reader compatibility"
45,5,"Led a sprint focused on enhancing the performance of a web-based dashboard application. Chris Evans optimized the loading times by implementing lazy loading for images and components, and refactored complex JavaScript code to improve execution speed. The performance improvements resulted in a 40% faster load time for end-users.",37,34,5,2024/7/31,"performance optimization, lazy loading, dashboard, JavaScript refactoring, loading times, user experience"
46,6,"Participated in a cross-functional meeting to ensure alignment between front-end and back-end development efforts. Chris Evans worked closely with the back-end engineers to define APIs and data structures, ensuring that the front-end components could efficiently consume the provided data and handle edge cases.",39,23,5,2024/8/7,"cross-functional meeting, front-end, back-end, API design, data structures, edge case handling"
47,7,"Prototyped a mobile-first web application as part of a new product initiative. Chris Evans focused on building responsive, touch-friendly interfaces that work seamlessly on smartphones and tablets. He emphasized using modern CSS Grid and Flexbox layouts to ensure that the application performs well across devices of different sizes.",35,75,5,2024/8/14,"prototyping, mobile-first design, responsive interfaces, touch-friendly, CSS Grid, Flexbox, cross-device compatibility"
48,8,"Organized a hackathon within the front-end development team, where members were encouraged to experiment with new technologies like WebAssembly and Web Components. Chris Evans guided teams through proof-of-concept projects, and at the end of the event, they presented their findings and potential use cases for production environments.",45,32,5,2024/8/21,"hackathon, front-end development, WebAssembly, Web Components, proof-of-concept, experimentation, production use cases"
49,9,"Led a debugging session to resolve complex issues related to browser compatibility across different platforms. Chris Evans utilized developer tools to trace JavaScript errors and layout shifts in various browsers, eventually implementing polyfills and browser-specific fixes to ensure consistent behavior across Chrome, Firefox, and Safari.",45,76,5,2024/8/28,"debugging, browser compatibility, JavaScript errors, layout shifts, polyfills, cross-browser testing"
50,10,"Delivered a presentation on the latest trends in front-end development at an internal developer conference. Chris Evans discussed the rise of JAMstack architecture, serverless functions, and the adoption of static site generators. He also explored the benefits of using headless CMS systems for more flexible content management solutions.",42,57,5,2024/9/4,"presentation, front-end trends, JAMstack, serverless, static site generators, headless CMS, content management"
51,1,Led a brainstorming session with the marketing team to develop a new product launch strategy. Anna Kendrick proposed innovative advertising campaigns targeting social media influencers to increase brand awareness. She also highlighted the importance of using data analytics to track the success of the campaigns and make real-time adjustments.,39,36,6,2024/7/3,"brainstorming, marketing strategy, product launch, social media influencers, brand awareness, data analytics"
52,2,"Organized a workshop on digital marketing trends for the entire marketing department. Anna Kendrick discussed emerging platforms such as TikTok and Snapchat, and how the company could leverage these platforms to engage with younger audiences. She emphasized the use of short-form video content as a key driver for engagement.",36,35,6,2024/7/10,"workshop, digital marketing, TikTok, Snapchat, younger audience, short-form video, engagement"
53,3,Collaborated with the sales team to create a joint marketing-sales initiative aimed at boosting product sales. Anna Kendrick developed a marketing campaign focusing on personalized email marketing and remarketing strategies. She ensured that the campaign was aligned with the sales team's objectives to target high-value customers.,44,48,6,2024/7/17,"marketing-sales collaboration, personalized email, remarketing, high-value customers, campaign alignment"
54,4,"Led a content creation session to develop high-quality blog posts and social media content for the upcoming product release. Anna Kendrick worked closely with copywriters and graphic designers to ensure that the content was engaging, informative, and aligned with the company's branding. The content emphasized the unique selling points of the new product.",37,47,6,2024/7/24,"content creation, blog posts, social media, product release, branding, unique selling points"
55,5,"Conducted a competitive analysis to identify marketing opportunities in new markets. Anna Kendrick used market research tools to compare the company's performance with competitors and pinpointed areas where the company could gain a competitive edge. She presented her findings to senior management, proposing expansion into untapped geographic regions.",44,88,6,2024/7/31,"competitive analysis, market research, marketing opportunities, competitor comparison, geographic expansion"
56,6,"Managed a major influencer marketing campaign, coordinating with several high-profile influencers to promote the company's products. Anna Kendrick handled negotiations and contracts, ensuring that the content produced by the influencers aligned with the brand's messaging and values. She also monitored the campaign's performance metrics closely.",43,766,6,2024/8/7,"influencer marketing, campaign management, negotiations, brand alignment, performance metrics"
57,7,"Organized a cross-departmental meeting with the IT and design teams to streamline the process of creating digital assets for marketing campaigns. Anna Kendrick worked on improving workflows and communication between departments, ensuring that creative assets were delivered on time and met technical requirements for various platforms.",37,799,6,2024/8/14,"cross-departmental meeting, digital assets, workflow improvement, IT collaboration, technical requirements"
58,8,"Launched a paid advertising campaign on Facebook and Google Ads to increase traffic to the company's website. Anna Kendrick developed targeted ad copy and visuals, ensuring that the campaigns were optimized for different audience segments. She analyzed the performance of the ads daily, making data-driven adjustments to maximize return on investment.",40,54,6,2024/8/21,"paid advertising, Facebook Ads, Google Ads, website traffic, audience segmentation, ROI optimization"
59,9,"Conducted a customer feedback survey following the recent product launch. Anna Kendrick analyzed the feedback to determine how well the marketing campaigns resonated with the target audience. She used the insights to refine future campaigns, ensuring that customer pain points were addressed and customer satisfaction improved.",41,2666,6,2024/8/28,"customer feedback, product launch, campaign analysis, customer pain points, satisfaction improvement"
60,10,"Delivered a presentation to the executive team on the results of the latest marketing campaigns. Anna Kendrick provided a detailed breakdown of the return on investment, customer acquisition costs, and overall brand visibility. She also recommended strategies for scaling successful campaigns and optimizing underperforming ones.",38,24,6,2024/9/4,"presentation, marketing results, ROI, customer acquisition, brand visibility, scaling campaigns, optimization"
61,1,Led a recruitment drive to fill several key positions in the company. Jason Statham conducted interviews with potential candidates and worked closely with the hiring managers to ensure the selection criteria matched the company's strategic goals. He also streamlined the recruitment process by introducing new screening tools.,40,1455,7,2024/7/3,"recruitment, interviews, hiring managers, selection criteria, screening tools"
62,2,"Hosted a company-wide training session on new HR policies and compliance with labor laws. Jason Statham provided an overview of the latest regulations and how they impact the workplace. He emphasized the importance of maintaining a healthy and compliant work environment, answering questions from employees about the changes.",37,237,7,2024/7/10,"training session, HR policies, labor laws, workplace compliance, employee engagement"
63,3,"Organized a leadership development program for mid-level managers. Jason Statham worked with external consultants to design a comprehensive curriculum that focused on improving leadership skills, conflict resolution, and team management. The program received positive feedback from participants, with many requesting additional workshops.",36,2578,7,2024/7/17,"leadership development, conflict resolution, team management, mid-level managers, external consultants"
64,4,"Led an internal audit of the company's diversity and inclusion practices. Jason Statham analyzed hiring data, promotion rates, and employee surveys to assess the company's progress in creating an inclusive workplace. He provided a detailed report to senior management with recommendations for further improvements.",40,33,7,2024/7/24,"internal audit, diversity and inclusion, hiring data, promotion rates, employee surveys"
65,5,Held one-on-one coaching sessions with senior leaders to address feedback from recent 360-degree reviews. Jason Statham offered personalized strategies to help them improve leadership effectiveness and team dynamics. He also facilitated workshops to strengthen communication skills among the leadership team.,42,1245,7,2024/7/31,"coaching sessions, 360-degree reviews, leadership effectiveness, team dynamics, communication skills"
66,6,Led a compensation benchmarking study to ensure the company's salary structures were competitive in the market. Jason Statham gathered data on industry standards and worked with the finance department to adjust compensation packages where necessary. He presented the findings to senior management and recommended changes to maintain talent retention.,37,246,7,2024/8/7,"compensation benchmarking, salary structures, industry standards, talent retention, finance collaboration"
67,7,"Conducted an employee engagement survey to gauge satisfaction levels across departments. Jason Statham analyzed the results and organized focus groups to dive deeper into the concerns raised. He shared his findings with department heads, helping them to develop actionable plans to improve employee morale and engagement.",39,2368,7,2024/8/14,"employee engagement, satisfaction survey, focus groups, morale, departmental action plans"
68,8,"Oversaw the implementation of a new performance appraisal system. Jason Statham introduced a more transparent and data-driven evaluation process, allowing employees to better understand their career development opportunities. He worked closely with managers to ensure consistent and fair appraisals across all teams.",41,346,7,2024/8/21,"performance appraisal, data-driven evaluations, career development, transparency, fair appraisals"
69,9,"Organized a wellness program aimed at reducing employee stress and improving work-life balance. Jason Statham introduced initiatives such as flexible work schedules, mental health resources, and wellness challenges. He monitored participation rates and gathered feedback to refine the program for future implementation.",36,246,7,2024/8/28,"wellness program, work-life balance, flexible schedules, mental health, employee stress"
70,10,Facilitated an annual HR strategy meeting to discuss workforce planning for the next fiscal year. Jason Statham reviewed the current workforce demographics and projected future needs based on the company's growth plans. He worked with department heads to identify key talent gaps and propose a recruitment plan to address them.,39,346,7,2024/9/4,"HR strategy, workforce planning, talent gaps, recruitment plan, company growth"
71,1,Led the back-end development team in implementing a new API architecture to improve the scalability of the company's platform. Gal Gadot worked closely with front-end engineers to ensure the API endpoints were optimized for performance and reliability. The new architecture reduced load times by 30%.,44,443,8,2024/7/3,"back-end development, API architecture, scalability, performance optimization, load times"
72,2,"Conducted a code refactoring session focused on improving the efficiency of the database queries used in the company's services. Gal Gadot identified several redundant queries and optimized them, resulting in a significant reduction in the database response times, especially during peak hours.",45,247,8,2024/7/10,"code refactoring, database optimization, query efficiency, response times, peak hours"
73,3,Implemented caching strategies to improve the performance of frequently accessed data. Gal Gadot introduced a Redis-based caching layer that helped reduce the load on the database and improved the user experience for high-traffic operations. She documented the process for future scalability.,35,53,8,2024/7/17,"caching, Redis, database load reduction, high-traffic operations, performance improvement"
74,4,"Led a cross-functional team in building a microservices-based architecture for the company's new product line. Gal Gadot oversaw the development of microservices that were deployed independently, ensuring that each service was scalable and fault-tolerant. This new architecture improved the resilience of the platform.",45,278,8,2024/7/24,"microservices, cross-functional team, scalability, fault-tolerant, platform resilience"
75,5,Conducted a security audit of the company's back-end systems to identify vulnerabilities. Gal Gadot implemented encryption for sensitive data and worked with the security team to develop monitoring tools that would detect potential breaches in real time. The audit improved the security posture of the platform.,40,32,8,2024/7/31,"security audit, vulnerabilities, encryption, sensitive data, real-time monitoring"
76,6,"Led a workshop on Docker and Kubernetes to improve the team's knowledge of containerization and orchestration. Gal Gadot demonstrated how to use Docker for consistent environments across development and production, and how to scale services using Kubernetes.",36,24,8,2024/8/7,"workshop, Docker, Kubernetes, containerization, orchestration, service scaling"
77,7,"Integrated a continuous integration/continuous delivery (CI/CD) pipeline to automate the deployment of back-end services. Gal Gadot worked with DevOps engineers to ensure that the deployment process was efficient, reducing the time taken to release new features. The pipeline also minimized the risk of manual errors.",40,777,8,2024/8/14,"CI/CD pipeline, DevOps, automation, deployment, feature release, error minimization"
78,8,"Optimized the API rate-limiting mechanism to prevent abuse while ensuring legitimate users could still access the services. Gal Gadot designed a token-based rate-limiting system that was fair to all users and scalable for high-traffic scenarios, improving the overall stability of the platform.",42,342,8,2024/8/21,"API rate-limiting, abuse prevention, token-based system, high-traffic, platform stability"
79,9,"Conducted a performance review of the server infrastructure to identify bottlenecks in processing requests. Gal Gadot worked with the infrastructure team to upgrade server capacity and implement load balancing techniques, ensuring that the platform could handle an increasing number of users.",45,27,8,2024/8/28,"performance review, server infrastructure, bottlenecks, load balancing, server upgrade"
80,10,"Presented the results of the latest back-end optimization efforts to senior management. Gal Gadot highlighted the improvements in system performance, reduced response times, and increased user satisfaction. She recommended further investments in scaling the infrastructure to support future growth.",40,7,8,2024/9/4,"back-end optimization, performance improvement, response times, user satisfaction, infrastructure scaling"
81,1,Held a series of meetings with potential clients to discuss the benefits of the company¡¯s products and services. Scarlett Johansson focused on understanding each client¡¯s unique needs and presenting customized solutions. She worked closely with the sales engineering team to develop proposals that addressed specific pain points for each customer.,36,6578,9,2024/7/3,"client meetings, customized solutions, sales engineering, proposals, customer pain points"
82,2,"Led a product demonstration for a group of enterprise clients, showcasing the latest features and capabilities. Scarlett Johansson handled client queries during the session and gathered feedback on potential areas of improvement. She collaborated with the product development team afterward to discuss enhancements based on client input.",35,2178,9,2024/7/10,"product demonstration, enterprise clients, client queries, feedback, product development"
83,3,Participated in a sales strategy meeting to define the approach for penetrating new markets. Scarlett Johansson analyzed current sales data and identified high-potential regions where the company could expand. She proposed a focused marketing campaign to raise awareness in these regions and increase the sales pipeline.,35,9566,9,2024/7/17,"sales strategy, new markets, sales data analysis, marketing campaign, sales pipeline"
84,4,"Organized a networking event with key decision-makers from various industries. Scarlett Johansson used the opportunity to build relationships with high-level executives, showcasing the company¡¯s products and value propositions. The event resulted in several new leads and potential business partnerships.",45,8046,9,2024/7/24,"networking event, decision-makers, business partnerships, value propositions, new leads"
85,5,"Led a sales training workshop for new team members. Scarlett Johansson provided insights into the company¡¯s sales processes, customer engagement techniques, and product knowledge. She also shared best practices for building long-term relationships with clients, emphasizing the importance of follow-ups and consistent communication.",42,8324,9,2024/7/31,"sales training, customer engagement, product knowledge, long-term relationships, follow-ups"
86,6,"Closed a significant deal with a leading retail company, securing a multi-year contract for the company¡¯s services. Scarlett Johansson led negotiations with the client¡¯s procurement team, addressing concerns related to pricing, service levels, and future scalability. The contract added considerable value to the company¡¯s portfolio.",45,8889,9,2024/8/7,"deal closure, retail company, multi-year contract, negotiations, procurement, scalability"
87,7,Worked closely with the marketing team to develop targeted promotional materials for an upcoming product launch. Scarlett Johansson ensured that the messaging was aligned with client needs and highlighted the product¡¯s unique selling points. She contributed her insights from direct client interactions to help refine the campaign.,38,6956,9,2024/8/14,"product launch, promotional materials, client needs, unique selling points, marketing collaboration"
88,8,Attended an industry conference where she represented the company and participated in a panel discussion about the future of B2B sales. Scarlett Johansson shared insights on how the industry is evolving with the rise of digital platforms and discussed how her company is adapting its sales strategies to stay competitive.,45,8017,9,2024/8/21,"industry conference, B2B sales, panel discussion, digital platforms, sales strategies"
89,9,"Collaborated with the customer success team to improve post-sales support processes. Scarlett Johansson gathered feedback from key clients and helped the team implement more effective onboarding and support systems, ensuring clients received the full value from the company's services.",44,7987,9,2024/8/28,"customer success, post-sales support, client feedback, onboarding, support systems"
90,10,"Presented quarterly sales results to senior management, highlighting key wins and lessons learned. Scarlett Johansson also provided a detailed forecast for the next quarter, identifying potential risks and opportunities. She suggested adjustments to the sales strategy to focus on high-growth sectors and key accounts.",43,9166,9,2024/9/4,"sales results, senior management, forecast, risks, opportunities, sales strategy, key accounts"
91,1,"Oversaw the logistics operations for a major product shipment to multiple international locations. Dwayne Johnson worked with the logistics and supply chain teams to ensure that all shipments met delivery deadlines. He implemented new tracking systems to monitor the real-time progress of deliveries, reducing delays by 20%.",45,95,10,2024/7/3,"logistics, product shipment, supply chain, delivery deadlines, tracking systems, delays"
92,2,"Led a cross-departmental meeting to address inefficiencies in warehouse operations. Dwayne Johnson introduced process improvements that reduced picking and packing times, ultimately increasing overall warehouse productivity. His suggestions were based on insights gained from recent operational data analysis.",44,2,10,2024/7/10,"warehouse operations, process improvements, productivity, data analysis, picking and packing"
93,3,"Conducted a review of the company's inventory management practices. Dwayne Johnson worked with the procurement team to optimize inventory levels, ensuring that the company maintained adequate stock without overcommitting resources. He introduced just-in-time (JIT) inventory principles to reduce storage costs.",35,6,10,2024/7/17,"inventory management, procurement, stock optimization, just-in-time inventory, storage costs"
94,4,Implemented new safety protocols across all warehouses to comply with updated regulations. Dwayne Johnson ensured that all employees were trained on the new protocols and conducted surprise safety audits to verify compliance. The initiative reduced workplace incidents by 15%.,39,788,10,2024/7/24,"safety protocols, warehouse compliance, employee training, safety audits, workplace incidents"
95,5,Led the company¡¯s efforts to expand its distribution network into new geographic regions. Dwayne Johnson negotiated contracts with several new logistics partners to ensure efficient and reliable deliveries in underserved areas. He also evaluated the cost-effectiveness of each new partnership.,36,543,10,2024/7/31,"distribution network, geographic expansion, logistics partners, contract negotiation, cost-effectiveness"
96,6,Worked with the finance team to analyze the costs associated with transportation and shipping. Dwayne Johnson identified areas where the company could reduce expenses by renegotiating contracts and optimizing delivery routes. His efforts led to a 10% reduction in transportation costs.,37,246,10,2024/8/7,"transportation costs, shipping expenses, contract renegotiation, delivery route optimization, cost reduction"
97,7,Facilitated a workshop on supply chain optimization for the operations team. Dwayne Johnson introduced concepts such as lean logistics and continuous improvement methodologies. The workshop focused on identifying bottlenecks in the supply chain and developing strategies to improve overall efficiency.,40,76,10,2024/8/14,"supply chain optimization, lean logistics, continuous improvement, bottlenecks, operational efficiency"
98,8,"Managed the company¡¯s response to a supply chain disruption caused by a major vendor delay. Dwayne Johnson quickly mobilized alternative suppliers and rerouted shipments to minimize the impact on customers. He communicated transparently with stakeholders throughout the crisis, ensuring minimal service disruption.",39,447,10,2024/8/21,"supply chain disruption, vendor delay, alternative suppliers, crisis management, customer impact"
99,9,"Oversaw the implementation of a fleet management system for the company¡¯s delivery vehicles. Dwayne Johnson worked with IT to integrate GPS tracking and maintenance scheduling into the fleet management system, reducing vehicle downtime and improving delivery reliability.",43,88,10,2024/8/28,"fleet management, GPS tracking, maintenance scheduling, vehicle downtime, delivery reliability"
100,10,"Presented the results of recent operational improvements to senior management. Dwayne Johnson highlighted the reductions in logistics costs, improved delivery times, and enhanced safety protocols. He proposed further investments in automation technology to drive additional efficiencies.",40,532,10,2024/9/4,"operational improvements, logistics costs, delivery times, safety protocols, automation technology"
101,11,"I effectively met with 40 potential co-op partners in the business area, focusing on identifying mutual benefits and tailoring offers. This approach allowed me to secure and sign sales contracts with 3 of them, totaling a sale value of 4523. Further insights into the negotiation tactics or partnership benefits offered could enhance this report.",4523,38,1,2024/9/11,meeting;business partner;co-op;mutual benefits;tailoring offers;negotiation;sale;contract;partnership
102,11,"Throughout the week, I successfully designed and implemented a data pipeline capable of running concurrently at multiple user ends without errors using distributed systems. This system generated a total profit of $161 over the course of the week. I dedicated 40 hours to ensure the system's stability and efficiency.",40,161,4,2024/9/11,data pipeline; distributed systems; concurrent; profit; error-free; multiple users; technology; development
